<?xml version="1.0" encoding="UTF-8"?>
<xrgb>
  <models>
    <model DisplayAs="Circle" StringType="RGB Nodes" StartSide="B" Dir="L" Antialias="1" PixelSize="2" Transparency="0" parm1="1" parm2="50" parm3="50" InsideOut="0" LayoutGroup="Default" Controller="No Controller" name="Circle-5" WorldPosX="447.4841" WorldPosY="442.0754" WorldPosZ="0.0000" ScaleX="2.4839" ScaleY="2.3715" ScaleZ="0.0000" RotateX="0.00000000" RotateY="0.00000000" RotateZ="0.00000000" versionNumber="7" StartChannel="1051">
      <ControllerConnection/>
    </model>
    <model DisplayAs="Circle" StringType="RGB Nodes" StartSide="B" Dir="L" Antialias="1" PixelSize="2" Transparency="0" parm1="1" parm2="50" parm3="50" InsideOut="0" LayoutGroup="Default" Controller="No Controller" name="Circle-4" WorldPosX="281.9389" WorldPosY="439.3981" WorldPosZ="0.0000" ScaleX="2.4839" ScaleY="2.3715" ScaleZ="0.0000" RotateX="0.00000000" RotateY="0.00000000" RotateZ="0.00000000" versionNumber="7" StartChannel="901">
      <ControllerConnection/>
    </model>
    <model DisplayAs="Circle" StringType="RGB Nodes" StartSide="B" Dir="L" Antialias="1" PixelSize="2" Transparency="0" parm1="1" parm2="50" parm3="50" InsideOut="0" LayoutGroup="Default" Controller="No Controller" name="Circle-3" WorldPosX="120.2125" WorldPosY="435.2508" WorldPosZ="0.0000" ScaleX="2.4839" ScaleY="2.3715" ScaleZ="0.0000" RotateX="0.00000000" RotateY="0.00000000" RotateZ="0.00000000" versionNumber="7" StartChannel="751">
      <ControllerConnection/>
    </model>
    <model DisplayAs="Circle" StringType="RGB Nodes" StartSide="B" Dir="L" Antialias="1" PixelSize="2" Transparency="0" parm1="1" parm2="50" parm3="50" InsideOut="0" LayoutGroup="Default" Controller="No Controller" name="Circle-7" WorldPosX="123.6546" WorldPosY="279.9654" WorldPosZ="0.0000" ScaleX="2.4839" ScaleY="2.3715" ScaleZ="0.0000" RotateX="0.00000000" RotateY="0.00000000" RotateZ="0.00000000" versionNumber="7" StartChannel="1351">
      <ControllerConnection/>
    </model>
    <model DisplayAs="Circle" StringType="RGB Nodes" StartSide="B" Dir="L" Antialias="1" PixelSize="2" Transparency="0" parm1="1" parm2="50" parm3="50" InsideOut="0" LayoutGroup="Default" Controller="No Controller" name="Circle-2" WorldPosX="448.2314" WorldPosY="597.3891" WorldPosZ="0.0000" ScaleX="2.4839" ScaleY="2.3715" ScaleZ="0.0000" RotateX="0.00000000" RotateY="0.00000000" RotateZ="0.00000000" versionNumber="7" StartChannel="601">
      <ControllerConnection/>
    </model>
    <model DisplayAs="Circle" StringType="RGB Nodes" StartSide="B" Dir="L" Antialias="1" PixelSize="2" Transparency="0" parm1="1" parm2="50" name="Circle" parm3="50" InsideOut="0" Controller="No Controller" LayoutGroup="Default" WorldPosX="283.5663" WorldPosY="593.3319" WorldPosZ="0.0000" ScaleX="2.4839" ScaleY="2.3715" ScaleZ="0.0000" RotateX="0.00000000" RotateY="0.00000000" RotateZ="0.00000000" versionNumber="7" StartChannel="1">
      <ControllerConnection Protocol="ws2811"/>
    </model>
    <model DisplayAs="Circle" StringType="RGB Nodes" StartSide="B" Dir="L" Antialias="1" PixelSize="2" Transparency="0" parm1="1" parm2="50" parm3="50" InsideOut="0" LayoutGroup="Default" Controller="No Controller" name="Circle-12" WorldPosX="442.4856" WorldPosY="129.3642" WorldPosZ="0.0000" ScaleX="2.4839" ScaleY="2.3715" ScaleZ="0.0000" RotateX="0.00000000" RotateY="0.00000000" RotateZ="0.00000000" versionNumber="7" StartChannel="451">
      <ControllerConnection/>
    </model>
    <model DisplayAs="Circle" StringType="RGB Nodes" StartSide="B" Dir="L" Antialias="1" PixelSize="2" Transparency="0" parm1="1" parm2="50" parm3="50" InsideOut="0" LayoutGroup="Default" Controller="No Controller" name="Circle-11" WorldPosX="283.4064" WorldPosY="123.6623" WorldPosZ="0.0000" ScaleX="2.4839" ScaleY="2.3715" ScaleZ="0.0000" RotateX="0.00000000" RotateY="0.00000000" RotateZ="0.00000000" versionNumber="7" StartChannel="301">
      <ControllerConnection/>
    </model>
    <model DisplayAs="Circle" StringType="RGB Nodes" StartSide="B" Dir="L" Antialias="1" PixelSize="2" Transparency="0" parm1="1" parm2="50" parm3="50" InsideOut="0" LayoutGroup="Default" Controller="No Controller" name="Circle-10" WorldPosX="605.3510" WorldPosY="282.9587" WorldPosZ="0.0000" ScaleX="2.4839" ScaleY="2.3715" ScaleZ="0.0000" RotateX="0.00000000" RotateY="0.00000000" RotateZ="0.00000000" versionNumber="7" StartChannel="151">
      <ControllerConnection/>
    </model>
    <model DisplayAs="Circle" StringType="RGB Nodes" StartSide="B" Dir="L" Antialias="1" PixelSize="2" Transparency="0" parm1="1" parm2="50" parm3="50" InsideOut="0" LayoutGroup="Default" Controller="No Controller" name="Circle-9" WorldPosX="446.5828" WorldPosY="283.7733" WorldPosZ="0.0000" ScaleX="2.4839" ScaleY="2.3715" ScaleZ="0.0000" RotateX="0.00000000" RotateY="0.00000000" RotateZ="0.00000000" versionNumber="7" StartChannel="1651">
      <ControllerConnection/>
    </model>
    <model DisplayAs="Circle" StringType="RGB Nodes" StartSide="B" Dir="L" Antialias="1" PixelSize="2" Transparency="0" parm1="1" parm2="50" parm3="50" InsideOut="0" LayoutGroup="Default" Controller="No Controller" name="Circle-8" WorldPosX="284.3378" WorldPosY="281.4073" WorldPosZ="0.0000" ScaleX="2.4839" ScaleY="2.3715" ScaleZ="0.0000" RotateX="0.00000000" RotateY="0.00000000" RotateZ="0.00000000" versionNumber="7" StartChannel="1501">
      <ControllerConnection/>
    </model>
    <model DisplayAs="Circle" StringType="RGB Nodes" StartSide="B" Dir="L" Antialias="1" PixelSize="2" Transparency="0" parm1="1" parm2="50" parm3="50" InsideOut="0" LayoutGroup="Default" Controller="No Controller" name="Circle-6" WorldPosX="606.6368" WorldPosY="437.2214" WorldPosZ="0.0000" ScaleX="2.4839" ScaleY="2.3715" ScaleZ="0.0000" RotateX="0.00000000" RotateY="0.00000000" RotateZ="0.00000000" versionNumber="7" StartChannel="1201">
      <ControllerConnection/>
    </model>
  </models>
  <view_objects>
    <view_object DisplayAs="Gridlines" LayoutGroup="Default" name="Gridlines" GridLineSpacing="50" GridWidth="2000.0" GridHeight="1000.0" Active="1" WorldPosX="0.0000" WorldPosY="0.0000" WorldPosZ="0.0000" ScaleX="1.0000" ScaleY="1.0000" ScaleZ="1.0000" RotateX="-90.00000000" RotateY="-0.00000000" RotateZ="0.00000000" versionNumber="7"/>
  </view_objects>
  <effects version="0007"/>
  <views/>
  <palettes/>
  <modelGroups>
    <modelGroup selected="0" name="ALL" layout="minimalGrid" GridSize="400" LayoutGroup="Unassigned" models="Circle,Circle-2,Circle-3,Circle-4,Circle-5,Circle-6,Circle-7,Circle-8,Circle-9,Circle-10,Circle-11,Circle-12" centrex="363.424652" centrey="360.525696" centreDefined="0" centreMinx="58" centreMiny="64" centreMaxx="668" centreMaxy="656"/>
    <modelGroup selected="0" name="odd" layout="minimalGrid" GridSize="400" LayoutGroup="Unassigned" models="Circle,Circle-3,Circle-5,Circle-7,Circle-9,Circle-11" centrex="283.848297" centrey="358.497101" centreDefined="0" centreMinx="58" centreMiny="64" centreMaxx="509" centreMaxy="652"/>
    <modelGroup selected="0" name="even" layout="minimalGrid" GridSize="400" LayoutGroup="Unassigned" models="Circle-2,Circle-4,Circle-6,Circle-8,Circle-10,Circle-12"/>
    <modelGroup selected="0" name="left" layout="minimalGrid" GridSize="400" LayoutGroup="Unassigned" models="Circle,Circle-3,Circle-4,Circle-7,Circle-8,Circle-11" centrex="202.275146" centrey="358.497101" centreDefined="0" centreMinx="58" centreMiny="64" centreMaxx="346" centreMaxy="652"/>
    <modelGroup selected="0" name="right" layout="minimalGrid" GridSize="400" LayoutGroup="Unassigned" models="Circle-2,Circle-5,Circle-6,Circle-9,Circle-10,Circle-12"/>
    <modelGroup selected="0" name="center" layout="minimalGrid" GridSize="400" LayoutGroup="Unassigned" models="Circle-4,Circle-5,Circle-8,Circle-9"/>
    <modelGroup selected="0" name="outer" layout="minimalGrid" GridSize="400" LayoutGroup="Unassigned" models="Circle,Circle-2,Circle-3,Circle-6,Circle-7,Circle-10,Circle-11,Circle-12"/>
  </modelGroups>
  <layoutGroups/>
  <perspectives current="Default Perspective">
    <perspective name="Default Perspective" settings="layout2|name=ModelPreview;caption=Model Preview;state=6293440;dir=4;layer=1;row=0;pos=0;prop=100000;bestw=250;besth=250;minw=-1;minh=-1;maxw=-1;maxh=-1;floatx=-1;floaty=-1;floatw=-1;floath=-1|name=HousePreview;caption=House Preview;state=6293440;dir=4;layer=1;row=0;pos=1;prop=100000;bestw=250;besth=250;minw=-1;minh=-1;maxw=-1;maxh=-1;floatx=-1;floaty=-1;floatw=-1;floath=-1|name=EffectAssist;caption=Effect Assist;state=2099198;dir=4;layer=1;row=0;pos=2;prop=100000;bestw=250;besth=250;minw=-1;minh=-1;maxw=-1;maxh=-1;floatx=-1;floaty=-1;floatw=-1;floath=-1|name=DisplayElements;caption=Display Elements;state=6293503;dir=4;layer=0;row=0;pos=0;prop=100000;bestw=750;besth=1050;minw=-1;minh=-1;maxw=-1;maxh=-1;floatx=-1;floaty=-1;floatw=750;floath=1050|name=Perspectives;caption=Perspectives;state=2099198;dir=4;layer=1;row=0;pos=0;prop=100000;bestw=199;besth=148;minw=-1;minh=-1;maxw=-1;maxh=-1;floatx=-1;floaty=-1;floatw=-1;floath=-1|name=Effect;caption=Effect Settings;state=2099196;dir=4;layer=0;row=1;pos=0;prop=100000;bestw=487;besth=889;minw=-1;minh=-1;maxw=-1;maxh=-1;floatx=-1;floaty=-1;floatw=-1;floath=-1|name=SelectEffect;caption=Select Effects;state=2099198;dir=4;layer=1;row=0;pos=0;prop=100000;bestw=593;besth=407;minw=-1;minh=-1;maxw=-1;maxh=-1;floatx=-1;floaty=-1;floatw=-1;floath=-1|name=SearchPanel;caption=Search Panel;state=2099198;dir=4;layer=1;row=0;pos=0;prop=100000;bestw=574;besth=376;minw=-1;minh=-1;maxw=-1;maxh=-1;floatx=-1;floaty=-1;floatw=-1;floath=-1|name=EffectDropper;caption=Effects;state=2099198;dir=1;layer=0;row=0;pos=0;prop=100000;bestw=1260;besth=756;minw=-1;minh=-1;maxw=-1;maxh=-1;floatx=-1;floaty=-1;floatw=-1;floath=-1|name=ValueCurveDropper;caption=Value Curves;state=2099198;dir=1;layer=0;row=0;pos=0;prop=100000;bestw=50;besth=50;minw=-1;minh=-1;maxw=-1;maxh=-1;floatx=-1;floaty=-1;floatw=-1;floath=-1|name=ColourDropper;caption=Colours;state=2099198;dir=1;layer=0;row=0;pos=0;prop=100000;bestw=20;besth=20;minw=-1;minh=-1;maxw=-1;maxh=-1;floatx=-1;floaty=-1;floatw=-1;floath=-1|name=Jukebox;caption=Jukebox;state=2099198;dir=1;layer=0;row=0;pos=0;prop=100000;bestw=100;besth=200;minw=-1;minh=-1;maxw=-1;maxh=-1;floatx=-1;floaty=-1;floatw=-1;floath=-1|name=FindData;caption=Find Data;state=2099198;dir=1;layer=0;row=0;pos=0;prop=100000;bestw=603;besth=176;minw=-1;minh=-1;maxw=-1;maxh=-1;floatx=-1;floaty=-1;floatw=-1;floath=-1|name=Color;caption=Color;state=2099196;dir=1;layer=0;row=0;pos=0;prop=100000;bestw=392;besth=411;minw=-1;minh=-1;maxw=-1;maxh=-1;floatx=-1;floaty=-1;floatw=-1;floath=-1|name=LayerTiming;caption=Layer Blending;state=2099196;dir=1;layer=0;row=0;pos=1;prop=100000;bestw=304;besth=277;minw=-1;minh=-1;maxw=-1;maxh=-1;floatx=-1;floaty=-1;floatw=-1;floath=-1|name=LayerSettings;caption=Layer Settings;state=2099196;dir=1;layer=0;row=0;pos=2;prop=100000;bestw=247;besth=80;minw=-1;minh=-1;maxw=-1;maxh=-1;floatx=-1;floaty=-1;floatw=-1;floath=-1|name=SequenceVideo;caption=Sequence Video;state=2099199;dir=4;layer=0;row=0;pos=0;prop=100000;bestw=320;besth=180;minw=-1;minh=-1;maxw=-1;maxh=-1;floatx=380;floaty=222;floatw=320;floath=199|name=Main Sequencer;caption=Main Sequencer;state=768;dir=5;layer=0;row=0;pos=0;prop=100000;bestw=296;besth=221;minw=-1;minh=-1;maxw=-1;maxh=-1;floatx=-1;floaty=-1;floatw=-1;floath=-1|dock_size(4,1,0)=252|dock_size(4,0,1)=352|dock_size(1,0,0)=143|dock_size(5,0,0)=298|" version="2.0"/>
  </perspectives>
  <settings>
    <LayoutMode3D value="0"/>
    <storedLayoutGroup value="All Models"/>
    <backgroundBrightness value="35"/>
    <previewWidth value="1280"/>
    <previewHeight value="720"/>
    <backgroundImage value="/Users/sapir/repos/lol/animation/frameworks/xlights/shows/rings/unnamed.png"/>
  </settings>
  <colors>
    <DisabledEffect Red="200" Green="200" Blue="0"/>
    <EffectDefault Red="192" Green="192" Blue="192"/>
    <EffectSelected Red="204" Green="102" Blue="255"/>
    <EffectSelectedDisabled Red="200" Green="200" Blue="64"/>
    <EffectSelectedFixed Red="255" Green="128" Blue="0"/>
    <EffectSelectedLocked Red="200" Green="128" Blue="152"/>
    <GridDashes Red="255" Green="255" Blue="0"/>
    <Gridlines Red="40" Green="40" Blue="40"/>
    <LabelOutline Red="103" Green="103" Blue="103"/>
    <Labels Red="255" Green="255" Blue="204"/>
    <LayoutDashes Red="255" Green="255" Blue="0"/>
    <LockedEffect Red="200" Green="0" Blue="0"/>
    <ModelDefault Red="211" Green="211" Blue="211"/>
    <ModelOverlap Red="255" Green="0" Blue="0"/>
    <ModelSelected Red="255" Green="255" Blue="0"/>
    <Phonemes Red="255" Green="181" Blue="218"/>
    <Phrases Red="153" Green="255" Blue="153"/>
    <ReferenceEffect Red="255" Green="0" Blue="255"/>
    <ReferenceEffectDisabled Red="255" Green="255" Blue="127"/>
    <ReferenceEffectLocked Red="255" Green="0" Blue="127"/>
    <RowHeaderSelected Red="130" Green="178" Blue="207"/>
    <TextHighlighted Red="0" Green="0" Blue="0"/>
    <TextUnselected Red="0" Green="0" Blue="0"/>
    <Timing1 Red="0" Green="255" Blue="255"/>
    <Timing2 Red="255" Green="0" Blue="0"/>
    <Timing3 Red="0" Green="255" Blue="0"/>
    <Timing4 Red="0" Green="0" Blue="255"/>
    <Timing5 Red="255" Green="255" Blue="0"/>
    <TimingDefault Red="255" Green="255" Blue="255"/>
    <Waveform Red="130" Green="178" Blue="207"/>
    <WaveformMouseMarker Red="0" Green="0" Blue="255"/>
    <WaveformSelected Red="0" Green="0" Blue="200"/>
    <WaveformSelectedEffect Red="255" Green="128" Blue="0"/>
    <Words Red="255" Green="218" Blue="145"/>
  </colors>
  <Viewpoints/>
</xrgb>
